driver,LapTime,Stint,Compound,TyreLife
NOR,,1.0,MEDIUM,2.0
NOR,0 days 00:01:47.882000,1.0,MEDIUM,3.0
NOR,,1.0,MEDIUM,4.0
NOR,,1.0,MEDIUM,5.0
NOR,,2.0,MEDIUM,6.0
NOR,0 days 00:01:47.376000,2.0,MEDIUM,7.0
NOR,0 days 00:02:08.786000,2.0,MEDIUM,8.0
NOR,,3.0,SOFT,1.0
NOR,0 days 00:01:46.134000,3.0,SOFT,2.0
NOR,0 days 00:02:05.782000,3.0,SOFT,3.0
NOR,,4.0,MEDIUM,9.0
NOR,0 days 00:01:51.862000,4.0,MEDIUM,10.0
NOR,0 days 00:01:51.882000,4.0,MEDIUM,11.0
NOR,,4.0,MEDIUM,12.0
NOR,,5.0,SOFT,4.0
NOR,,5.0,SOFT,5.0
NOR,,5.0,SOFT,6.0
NOR,,5.0,SOFT,7.0
VER,,1.0,MEDIUM,1.0
VER,0 days 00:01:46.942000,1.0,MEDIUM,2.0
VER,,1.0,MEDIUM,3.0
VER,0 days 00:01:46.986000,1.0,MEDIUM,4.0
VER,,1.0,MEDIUM,5.0
VER,,2.0,SOFT,1.0
VER,0 days 00:01:46.416000,2.0,SOFT,2.0
VER,0 days 00:02:16.758000,2.0,SOFT,3.0
VER,,3.0,MEDIUM,6.0
VER,0 days 00:01:51.405000,3.0,MEDIUM,7.0
VER,0 days 00:01:52.212000,3.0,MEDIUM,8.0
VER,0 days 00:01:51.435000,3.0,MEDIUM,9.0
VER,0 days 00:01:51.523000,3.0,MEDIUM,10.0
VER,0 days 00:01:51.664000,3.0,MEDIUM,11.0
VER,0 days 00:01:52.433000,3.0,MEDIUM,12.0
VER,0 days 00:01:52.463000,3.0,MEDIUM,13.0
VER,,3.0,MEDIUM,14.0
VER,,4.0,SOFT,4.0
VER,0 days 00:02:28.472000,4.0,SOFT,5.0
VER,,4.0,SOFT,6.0
VER,,4.0,SOFT,7.0
BOR,,1.0,MEDIUM,1.0
BOR,0 days 00:01:48.335000,1.0,MEDIUM,2.0
BOR,,1.0,MEDIUM,3.0
BOR,0 days 00:02:15.490000,1.0,MEDIUM,4.0
BOR,,1.0,MEDIUM,5.0
BOR,,2.0,MEDIUM,6.0
BOR,0 days 00:01:48.347000,2.0,MEDIUM,7.0
BOR,,2.0,MEDIUM,8.0
BOR,0 days 00:01:55.794000,2.0,MEDIUM,9.0
BOR,,3.0,SOFT,1.0
BOR,0 days 00:01:47.952000,3.0,SOFT,2.0
BOR,,3.0,SOFT,3.0
BOR,0 days 00:01:54.881000,3.0,SOFT,4.0
BOR,,4.0,MEDIUM,10.0
BOR,0 days 00:02:00.493000,4.0,MEDIUM,11.0
BOR,0 days 00:02:25.092000,4.0,MEDIUM,12.0
BOR,,4.0,MEDIUM,13.0
HAD,,1.0,MEDIUM,1.0
HAD,0 days 00:01:46.922000,1.0,MEDIUM,2.0
HAD,,1.0,MEDIUM,3.0
HAD,0 days 00:01:46.988000,1.0,MEDIUM,4.0
HAD,,1.0,MEDIUM,5.0
HAD,,2.0,SOFT,1.0
HAD,0 days 00:01:46.714000,2.0,SOFT,2.0
HAD,,2.0,SOFT,3.0
HAD,,3.0,MEDIUM,6.0
HAD,0 days 00:01:51.860000,3.0,MEDIUM,7.0
HAD,0 days 00:01:52.658000,3.0,MEDIUM,8.0
HAD,0 days 00:01:52.587000,3.0,MEDIUM,9.0
HAD,0 days 00:01:52.873000,3.0,MEDIUM,10.0
HAD,0 days 00:01:52.333000,3.0,MEDIUM,11.0
HAD,0 days 00:01:52.382000,3.0,MEDIUM,12.0
HAD,,3.0,MEDIUM,13.0
HAD,,4.0,SOFT,4.0
HAD,,4.0,SOFT,5.0
HAD,,4.0,SOFT,6.0
HAD,,4.0,SOFT,7.0
GAS,,1.0,MEDIUM,1.0
GAS,0 days 00:01:49.232000,1.0,MEDIUM,2.0
GAS,,1.0,MEDIUM,3.0
GAS,0 days 00:02:23.200000,1.0,MEDIUM,4.0
GAS,,1.0,MEDIUM,5.0
GAS,,2.0,MEDIUM,6.0
GAS,0 days 00:01:48.955000,2.0,MEDIUM,7.0
GAS,,2.0,MEDIUM,8.0
GAS,0 days 00:01:49.009000,2.0,MEDIUM,9.0
GAS,0 days 00:02:10.483000,2.0,MEDIUM,10.0
GAS,,3.0,SOFT,1.0
GAS,0 days 00:01:47.360000,3.0,SOFT,2.0
GAS,0 days 00:02:25.085000,3.0,SOFT,3.0
GAS,,4.0,MEDIUM,11.0
GAS,,4.0,MEDIUM,12.0
PER,,1.0,MEDIUM,1.0
PER,0 days 00:01:50.087000,1.0,MEDIUM,2.0
PER,,1.0,MEDIUM,3.0
PER,0 days 00:01:50.035000,1.0,MEDIUM,4.0
PER,,1.0,MEDIUM,5.0
PER,,2.0,SOFT,1.0
PER,0 days 00:01:49.596000,2.0,SOFT,2.0
PER,,2.0,SOFT,3.0
PER,0 days 00:01:59.481000,2.0,SOFT,4.0
PER,,3.0,MEDIUM,6.0
PER,0 days 00:01:53.853000,3.0,MEDIUM,7.0
PER,0 days 00:01:54.415000,3.0,MEDIUM,8.0
PER,0 days 00:01:54.702000,3.0,MEDIUM,9.0
PER,0 days 00:01:56.040000,3.0,MEDIUM,10.0
PER,,3.0,MEDIUM,11.0
PER,,4.0,SOFT,5.0
PER,0 days 00:01:53.124000,4.0,SOFT,6.0
PER,0 days 00:02:16.360000,4.0,SOFT,7.0
PER,,4.0,SOFT,8.0
PER,0 days 00:02:24.758000,4.0,SOFT,9.0
ANT,,1.0,MEDIUM,1.0
ANT,0 days 00:01:46.911000,1.0,MEDIUM,2.0
ANT,,1.0,MEDIUM,3.0
ANT,0 days 00:01:47.051000,1.0,MEDIUM,4.0
ANT,,1.0,MEDIUM,5.0
ANT,,2.0,SOFT,1.0
ANT,0 days 00:01:45.944000,2.0,SOFT,2.0
ANT,0 days 00:02:22.009000,2.0,SOFT,3.0
ANT,,3.0,MEDIUM,6.0
ANT,0 days 00:01:51.451000,3.0,MEDIUM,7.0
ANT,0 days 00:01:51.671000,3.0,MEDIUM,8.0
ANT,0 days 00:01:51.389000,3.0,MEDIUM,9.0
ANT,0 days 00:01:51.533000,3.0,MEDIUM,10.0
ANT,,3.0,MEDIUM,11.0
ANT,,4.0,SOFT,4.0
ANT,0 days 00:02:29.505000,4.0,SOFT,5.0
ANT,,4.0,SOFT,6.0
ANT,,4.0,SOFT,7.0
ALO,,1.0,MEDIUM,1.0
ALO,0 days 00:01:53.713000,1.0,MEDIUM,2.0
ALO,,1.0,MEDIUM,3.0
ALO,0 days 00:01:52.932000,1.0,MEDIUM,4.0
ALO,,1.0,MEDIUM,5.0
ALO,,2.0,MEDIUM,6.0
ALO,0 days 00:01:52.755000,2.0,MEDIUM,7.0
ALO,,2.0,MEDIUM,8.0
ALO,0 days 00:02:07.835000,2.0,MEDIUM,9.0
ALO,,3.0,SOFT,1.0
ALO,0 days 00:02:27.774000,3.0,SOFT,2.0
ALO,0 days 00:01:51.418000,3.0,SOFT,3.0
ALO,,3.0,SOFT,4.0
ALO,0 days 00:01:51.531000,3.0,SOFT,5.0
ALO,,3.0,SOFT,6.0
ALO,,4.0,SOFT,7.0
ALO,0 days 00:02:14.913000,4.0,SOFT,8.0
ALO,,4.0,SOFT,9.0
ALO,,4.0,SOFT,10.0
LEC,,1.0,MEDIUM,1.0
LEC,0 days 00:01:47.580000,1.0,MEDIUM,2.0
LEC,,1.0,MEDIUM,3.0
LEC,0 days 00:01:47.571000,1.0,MEDIUM,4.0
LEC,,1.0,MEDIUM,5.0
LEC,,2.0,SOFT,1.0
LEC,0 days 00:01:47.035000,2.0,SOFT,2.0
LEC,,2.0,SOFT,3.0
LEC,,3.0,SOFT,4.0
LEC,0 days 00:01:47.468000,3.0,SOFT,5.0
LEC,0 days 00:02:21.038000,3.0,SOFT,6.0
LEC,,4.0,MEDIUM,6.0
LEC,0 days 00:01:51.644000,4.0,MEDIUM,7.0
LEC,,4.0,MEDIUM,8.0
LEC,,5.0,MEDIUM,9.0
LEC,0 days 00:02:07.431000,5.0,MEDIUM,10.0
LEC,,5.0,MEDIUM,11.0
LEC,,5.0,MEDIUM,12.0
STR,,1.0,MEDIUM,1.0
STR,0 days 00:01:52.548000,1.0,MEDIUM,2.0
STR,,1.0,MEDIUM,3.0
STR,0 days 00:01:53.028000,1.0,MEDIUM,4.0
STR,,1.0,MEDIUM,5.0
STR,,2.0,MEDIUM,6.0
STR,0 days 00:01:52.287000,2.0,MEDIUM,7.0
STR,,2.0,MEDIUM,8.0
STR,,3.0,SOFT,1.0
STR,0 days 00:01:51.423000,3.0,SOFT,2.0
STR,,3.0,SOFT,3.0
STR,0 days 00:01:51.131000,3.0,SOFT,4.0
STR,0 days 00:02:24.494000,3.0,SOFT,5.0
STR,,4.0,MEDIUM,9.0
STR,0 days 00:02:25.869000,4.0,MEDIUM,10.0
STR,,4.0,MEDIUM,11.0
STR,,4.0,MEDIUM,12.0
ALB,,1.0,MEDIUM,1.0
ALB,0 days 00:01:49.215000,1.0,MEDIUM,2.0
ALB,,1.0,MEDIUM,3.0
ALB,0 days 00:01:48.765000,1.0,MEDIUM,4.0
ALB,,1.0,MEDIUM,5.0
ALB,,2.0,SOFT,1.0
ALB,0 days 00:01:48.019000,2.0,SOFT,2.0
ALB,,2.0,SOFT,3.0
ALB,0 days 00:02:00.527000,2.0,SOFT,4.0
ALB,,3.0,SOFT,5.0
ALB,0 days 00:01:52.558000,3.0,SOFT,6.0
ALB,0 days 00:01:57.597000,3.0,SOFT,7.0
ALB,0 days 00:02:14.385000,4.0,MEDIUM,6.0
ALB,0 days 00:01:53.537000,4.0,MEDIUM,7.0
ALB,,4.0,MEDIUM,8.0
ALB,,5.0,MEDIUM,9.0
ALB,0 days 00:02:25.829000,5.0,MEDIUM,10.0
ALB,,5.0,MEDIUM,11.0
ALB,,5.0,MEDIUM,12.0
HUL,,1.0,MEDIUM,1.0
HUL,0 days 00:02:26.157000,1.0,MEDIUM,2.0
HUL,,2.0,MEDIUM,3.0
HUL,,2.0,MEDIUM,4.0
HUL,,3.0,MEDIUM,5.0
HUL,0 days 00:01:49.391000,3.0,MEDIUM,6.0
HUL,,3.0,MEDIUM,7.0
HUL,0 days 00:01:55.702000,3.0,MEDIUM,8.0
HUL,,4.0,SOFT,1.0
HUL,0 days 00:01:48.333000,4.0,SOFT,2.0
HUL,,4.0,SOFT,3.0
HUL,0 days 00:01:55.681000,4.0,SOFT,4.0
HUL,,5.0,MEDIUM,9.0
HUL,0 days 00:02:26.221000,5.0,MEDIUM,10.0
HUL,,5.0,MEDIUM,11.0
HUL,0 days 00:02:23.875000,5.0,MEDIUM,12.0
LAW,,1.0,MEDIUM,1.0
LAW,,1.0,MEDIUM,2.0
LAW,,2.0,MEDIUM,3.0
LAW,0 days 00:01:47.806000,2.0,MEDIUM,4.0
LAW,,2.0,MEDIUM,5.0
LAW,0 days 00:01:47.832000,2.0,MEDIUM,6.0
LAW,0 days 00:02:11.684000,2.0,MEDIUM,7.0
LAW,,3.0,SOFT,1.0
LAW,0 days 00:01:47.434000,3.0,SOFT,2.0
LAW,,3.0,SOFT,3.0
LAW,0 days 00:01:48.159000,3.0,SOFT,4.0
LAW,0 days 00:02:09.952000,3.0,SOFT,5.0
LAW,,4.0,MEDIUM,8.0
LAW,0 days 00:02:21.101000,4.0,MEDIUM,9.0
LAW,,4.0,MEDIUM,10.0
LAW,,4.0,MEDIUM,11.0
OCO,,1.0,MEDIUM,1.0
OCO,0 days 00:01:49.541000,1.0,MEDIUM,2.0
OCO,,1.0,MEDIUM,3.0
OCO,0 days 00:01:49.666000,1.0,MEDIUM,4.0
OCO,,1.0,MEDIUM,5.0
OCO,,2.0,MEDIUM,6.0
OCO,0 days 00:01:49.316000,2.0,MEDIUM,7.0
OCO,0 days 00:02:21.850000,2.0,MEDIUM,8.0
OCO,,3.0,SOFT,1.0
OCO,0 days 00:01:47.958000,3.0,SOFT,2.0
OCO,,3.0,SOFT,3.0
OCO,0 days 00:02:23.875000,3.0,SOFT,4.0
OCO,0 days 00:01:48.619000,3.0,SOFT,5.0
OCO,0 days 00:02:20.429000,3.0,SOFT,6.0
OCO,,4.0,MEDIUM,9.0
OCO,,5.0,MEDIUM,10.0
OCO,0 days 00:02:21.799000,5.0,MEDIUM,11.0
OCO,,5.0,MEDIUM,12.0
OCO,0 days 00:02:19.239000,5.0,MEDIUM,13.0
LIN,,1.0,MEDIUM,1.0
LIN,0 days 00:01:48.060000,1.0,MEDIUM,2.0
LIN,,1.0,MEDIUM,3.0
LIN,0 days 00:01:47.315000,1.0,MEDIUM,4.0
LIN,,1.0,MEDIUM,5.0
LIN,,2.0,MEDIUM,6.0
LIN,0 days 00:01:47.900000,2.0,MEDIUM,7.0
LIN,0 days 00:02:02.180000,2.0,MEDIUM,8.0
LIN,,3.0,SOFT,1.0
LIN,0 days 00:01:47.735000,3.0,SOFT,2.0
LIN,,3.0,SOFT,3.0
LIN,0 days 00:01:47.294000,3.0,SOFT,4.0
LIN,0 days 00:02:06.520000,3.0,SOFT,5.0
LIN,,4.0,MEDIUM,9.0
LIN,0 days 00:01:53.170000,4.0,MEDIUM,10.0
LIN,,4.0,MEDIUM,11.0
LIN,,5.0,MEDIUM,12.0
LIN,0 days 00:02:12.073000,5.0,MEDIUM,13.0
LIN,,5.0,MEDIUM,14.0
LIN,0 days 00:02:28.656000,5.0,MEDIUM,15.0
COL,,1.0,MEDIUM,1.0
COL,0 days 00:01:49.354000,1.0,MEDIUM,2.0
COL,,1.0,MEDIUM,3.0
COL,0 days 00:01:48.642000,1.0,MEDIUM,4.0
COL,,1.0,MEDIUM,5.0
COL,,2.0,MEDIUM,6.0
COL,0 days 00:01:48.630000,2.0,MEDIUM,7.0
COL,,2.0,MEDIUM,8.0
COL,,3.0,SOFT,1.0
COL,0 days 00:01:47.147000,3.0,SOFT,2.0
COL,,3.0,SOFT,3.0
COL,0 days 00:01:47.795000,3.0,SOFT,4.0
COL,0 days 00:02:16.211000,3.0,SOFT,5.0
COL,,4.0,MEDIUM,9.0
COL,,4.0,MEDIUM,10.0
COL,,5.0,MEDIUM,11.0
COL,0 days 00:01:52.709000,5.0,MEDIUM,12.0
COL,0 days 00:02:23.146000,5.0,MEDIUM,13.0
COL,,5.0,MEDIUM,14.0
COL,0 days 00:02:28.875000,5.0,MEDIUM,15.0
HAM,,1.0,MEDIUM,1.0
HAM,0 days 00:01:48.642000,1.0,MEDIUM,2.0
HAM,,1.0,MEDIUM,3.0
HAM,0 days 00:01:47.497000,1.0,MEDIUM,4.0
HAM,,1.0,MEDIUM,5.0
HAM,,2.0,SOFT,1.0
HAM,0 days 00:01:46.691000,2.0,SOFT,2.0
HAM,,2.0,SOFT,3.0
HAM,0 days 00:01:47.061000,2.0,SOFT,4.0
HAM,0 days 00:02:01.955000,2.0,SOFT,5.0
HAM,,3.0,MEDIUM,6.0
HAM,,3.0,MEDIUM,7.0
HAM,,4.0,MEDIUM,8.0
HAM,0 days 00:02:18.712000,4.0,MEDIUM,9.0
HAM,,4.0,MEDIUM,10.0
HAM,,4.0,MEDIUM,11.0
SAI,,1.0,MEDIUM,1.0
SAI,0 days 00:01:49.892000,1.0,MEDIUM,2.0
SAI,,1.0,MEDIUM,3.0
SAI,0 days 00:01:49.666000,1.0,MEDIUM,4.0
SAI,,1.0,MEDIUM,5.0
SAI,,2.0,MEDIUM,6.0
SAI,0 days 00:01:50.713000,2.0,MEDIUM,7.0
SAI,0 days 00:02:03.293000,2.0,MEDIUM,8.0
SAI,,3.0,SOFT,1.0
SAI,0 days 00:01:48.256000,3.0,SOFT,2.0
SAI,0 days 00:02:10.004000,3.0,SOFT,3.0
SAI,,4.0,MEDIUM,9.0
SAI,0 days 00:01:53.827000,4.0,MEDIUM,10.0
SAI,0 days 00:01:54.361000,4.0,MEDIUM,11.0
SAI,,4.0,MEDIUM,12.0
SAI,,5.0,SOFT,4.0
SAI,0 days 00:02:13.835000,5.0,SOFT,5.0
SAI,,5.0,SOFT,6.0
SAI,,5.0,SOFT,7.0
RUS,,1.0,MEDIUM,1.0
RUS,0 days 00:01:48.041000,1.0,MEDIUM,2.0
RUS,,1.0,MEDIUM,3.0
RUS,0 days 00:01:48.085000,1.0,MEDIUM,4.0
RUS,,1.0,MEDIUM,5.0
RUS,,2.0,MEDIUM,6.0
RUS,0 days 00:01:47.981000,2.0,MEDIUM,7.0
RUS,0 days 00:02:13.189000,2.0,MEDIUM,8.0
RUS,0 days 00:02:23.775000,3.0,SOFT,1.0
RUS,0 days 00:01:47.229000,3.0,SOFT,2.0
RUS,0 days 00:02:14.775000,3.0,SOFT,3.0
RUS,,4.0,MEDIUM,9.0
RUS,0 days 00:01:52.301000,4.0,MEDIUM,10.0
RUS,0 days 00:01:51.649000,4.0,MEDIUM,11.0
RUS,0 days 00:01:51.989000,4.0,MEDIUM,12.0
RUS,,4.0,MEDIUM,13.0
RUS,,5.0,SOFT,4.0
RUS,,5.0,SOFT,5.0
RUS,0 days 00:02:22.807000,5.0,SOFT,6.0
RUS,0 days 00:02:26.446000,5.0,SOFT,7.0
BOT,,1.0,MEDIUM,1.0
BOT,0 days 00:01:51.014000,1.0,MEDIUM,2.0
BOT,,1.0,MEDIUM,3.0
BOT,0 days 00:01:50.836000,1.0,MEDIUM,4.0
BOT,,1.0,MEDIUM,5.0
BOT,,1.0,MEDIUM,6.0
BOT,,2.0,SOFT,1.0
BOT,0 days 00:01:49.199000,2.0,SOFT,2.0
BOT,,2.0,SOFT,3.0
BOT,0 days 00:01:49.242000,2.0,SOFT,4.0
BOT,0 days 00:02:20.776000,2.0,SOFT,5.0
BOT,,3.0,MEDIUM,7.0
BOT,0 days 00:01:53.821000,3.0,MEDIUM,8.0
BOT,,3.0,MEDIUM,9.0
BOT,,4.0,MEDIUM,10.0
BOT,0 days 00:01:53.549000,4.0,MEDIUM,11.0
BOT,0 days 00:02:16.918000,4.0,MEDIUM,12.0
BOT,,4.0,MEDIUM,13.0
BOT,0 days 00:02:08.784000,4.0,MEDIUM,14.0
PIA,,1.0,MEDIUM,1.0
PIA,0 days 00:01:47.744000,1.0,MEDIUM,2.0
PIA,0 days 00:02:13.848000,1.0,MEDIUM,3.0
PIA,,2.0,SOFT,1.0
PIA,0 days 00:01:46.926000,2.0,SOFT,2.0
PIA,0 days 00:02:08.675000,2.0,SOFT,3.0
PIA,,3.0,MEDIUM,4.0
PIA,,4.0,MEDIUM,5.0
PIA,,4.0,MEDIUM,6.0
PIA,,4.0,MEDIUM,7.0
PIA,,4.0,MEDIUM,8.0
BEA,,1.0,MEDIUM,1.0
BEA,0 days 00:01:49.100000,1.0,MEDIUM,2.0
BEA,,1.0,MEDIUM,3.0
BEA,0 days 00:01:48.957000,1.0,MEDIUM,4.0
BEA,,1.0,MEDIUM,5.0
BEA,,2.0,SOFT,1.0
BEA,0 days 00:01:47.792000,2.0,SOFT,2.0
BEA,,2.0,SOFT,3.0
BEA,0 days 00:02:09.292000,2.0,SOFT,4.0
BEA,0 days 00:01:48.303000,2.0,SOFT,5.0
BEA,,2.0,SOFT,6.0
BEA,,3.0,SOFT,7.0
BEA,,4.0,SOFT,8.0
BEA,0 days 00:02:03.028000,4.0,SOFT,9.0
BEA,,4.0,SOFT,10.0
BEA,,4.0,SOFT,11.0
